Gesses et guerfalas,355,5 400,"15,2",180,1480,"8,2",-49,-73,-46
Cultures maraîchères,509 341,136 570 863,"268,1",533 060,146 700 413,"275,2",,,32
Pommes de terre,149 665,46 533 222,"310,9",157 864,50 202 499,"318,0",,,
Tomates,22 323,13 097 452,"586,7",24 994,14 778 786,"591,3","12
552644","13
78350",1
Oignons,47 282,13 996 907,"296,0",50 292,16 137 298,"320,9",,15,"8
ON"
Ails,12 945,2 022 005,"156,2",13 403,2 233 113,"166,6",,10,7
Melons Pastèques,60 400,20 957 575,"347,0",62 652,22 068 666,"352,2",4,5,2
Carottes,17 941,4 318 834,"240,7",17 469,4 195 344,"240,2",-3,-3,0
Piments,10 686,3 093 299,"289,5",10 348,3 082 823,"297,9",-3,0,3
Poivrons,11 422,3 417 150,"299,2",11 381,3 668 857,"322,4",0,7,8
Concombres,4 359,1 936 474,"444,2",4 078,1 660 456,"407,2",-6,-14,-8
Courgettes,13 528,3 888 751,"287,5",14 372,4 201 354,"292,3",6,8,2
Aubergines,5 978,1 816 181,"303,8",6 027,1 841 457,"305,5",1,1,1
Artichauts,5 784,1 246 591,"215,5",5 792,1 196 363,"206,6",0,-4,-4
Choux verts,4 069,1 074 125,"264,0",4 317,1 164 265,"269,7",6,8,2
Choux fleurs,8 090,2 076 970,"256,7",8 629,2 054 395,"238,1",7,-1,-7
Navets,8 171,1 397 446,"171,0",8 328,1 499 067,"180,0",2,7,5
Fèves vertes,32 645,3 086 891,"94,6",33 078,2 984 837,"90,2",1,-3,-5
Haricots verts,11 610,931 836,"80,3",12 706,950 226,"74,8",9,2,-7
Petits pois,35 897,1 862 025,"51,9",38 959,2 000 258,"51,3","9
164",7,-1
Autres légumes,46 547,9 817 131,"210,9",48 373,10 780 353,"222,9",,10,6
,,2018,,,2019,,Taux,d'accroissement %
,Sup.,Prod.,Rdt,Sup.,Prod.,Rdt,,2019/2018
,ha,qx,qx/ha,ha,qx,qx/ha,Sup.,"Prod.
Rdt"
Céréales d'hiver,3 106 102,60 568 040,"19,5",3 185 647,56 259 902,"17,7",,"-7
-9"
Blé dur,1 492 546,31 780 207,"21,3",1 579 080,32 087 678,"20,3",,"1
-5"
Blé tendre,455 856,8 031 984,"17,6",395 907,6 681 084,"16,9","-13
363500","-17
-4
15427"
Orge,1 080 250,19 573 271,"18,1",1 133 005,16 477 463,"14,5",,"-16
-20"
Avoine,77 375,1 180 178,"15,3",77 626,1 013 052,"13,1",,"-14
-14"
Triticale,75,2 400,"32,0",30,626,"20,9",,"0
0"
Céréales d'été,2 515,450 450,"179,1",1665,72 954,"43,8",-34,"-84
-76"
Maîs,2 250,414 235,"184,1",1 533,63 683,"41,5",-32,"-85
-77"
Sorgho,265,36 215,"136,7",132,9 271,"70,2",-50,"-74
-49"
Cultures industrielles,36 427,15 872 668,"435,7",38 018,17 178 179,"451,8",,"8
4"
Tomates,23 689,15 406 655,"650,4",24 804,16 492 150,"664,9",,2
Tabacs,5 097,106 859,"21,0",4 790,151 646,"31,7",45632,"42
17260
51"
Arachides,4 753,118 861,"25,0",4 886,126 022,"25,8",,3
Autres,2 888,240 293,"83,2",3 539,408 362,"115,4",,"39
39"
Légumes secs,111 823,1 376 378,"12,3",119 217,1 362 293,"11,4",73,"-1
-7"
Fèves-féveroles,40 222,548 780,"13,6",41 451,552 729,"13,3",,"1
-2"
Pois secs,10 383,114 721,"11,0",9 952,121 250,"12,2",-4,"6
10"
Lentilles,25 956,296 629,"11,4",29 516,265 242,"9,0",14,"-11
-21
212754"
Pois chiches,32 065,382 736,"11,9",36 206,403 699,"11,2",13,"5
-7"
Haricots secs,2 843,28 113,"9,9",1 912,17 894,"9,4",-33,"-36
-5"
Gesses et guerfalas,355,5 400,"15,2",180,1480,"8,2",-49,"-73
-46"
Cultures maraîchères,509 341,136 570 863,"268,1",533 060,146 700 413,"275,2",,32
Pommes de terre,149 665,46 533 222,"310,9",157 864,50 202 499,"318,0",,
Tomates,22 323,13 097 452,"586,7",24 994,14 778 786,"591,3","12
552644","13
1
78350"
Oignons,47 282,13 996 907,"296,0",50 292,16 137 298,"320,9",,"15
8
ON"
Ails,12 945,2 022 005,"156,2",13 403,2 233 113,"166,6",,"10
7"
Melons,60 400,20 957 575,"347,0",62 652,22 068 666,"352,2",4,"5
2"
Récapitulatif des,"superficies, des",productions2018,", des",rendements,et les taux 2019,d'accroissement,Taux,"2019/2018
d'accroissement",%
,Sup.,Prod.,Rdt,Sup.,Prod.,Rdt,,2019/2018,
,ha,qx,qx/ha,ha,qx,qx/ha,Sup.,Prod.,Rdt
Fourrages a+b+c,878 012,48 792 647,"55,6",959 841,52 608 912,"54,8",9,8,-1
Fourrages naturelsª,258 578,8 518 737,"32,9",273 581,8 970 997,"32,8",6,5,
Prairies naturelles,49 578,1 623 160,"32,7",59 055,1 846 262,"31,3",19,14,
Jachères fauchées,208 999,6 895 577,"33,0",214 525,7 124 735,"33,2",3,3,1
Fourrages artificiels secb,456 742,17 654 123,"38,7",449 774,17 979 420,"40,0",-2,2,
Vesces-Avoines,58 794,2 378 720,"40,5",53 628,2 602 895,"48,5",-9,9,RT05-32227225
Luzernes,9 305,1 763 874,"189,6",8 879,2 158 847,"243,2",-5,22,28
Céréales reconverties,137 212,1 158 049,"8,4",144 739,2 132 743,"14,7",5,84,
Divers,251 431,12 353 481,"49,1",242 529,11 084 935,"45,7",-4,-10,
Fourrages artificiels vert,162 692,22 619 787,"139,0",236 486,25 658 495,"108,5",45,13,
"Orge,Avoine, Seigle en vert",125 576,14 252 989,"113,5",198 207,16 609 557,"83,8",58,17,
Autres,37 116,8 366 798,"225,4",38 279,9 048 938,"236,4",3,8,
Agrumes,58 296,12 031 973,"206,4",63 744,15 834 931,"248,4",9,32,
Oranges,41 953,8 927 635,"212,8",46 081,11 995 351,"260,3",10,34,
Clémentines,10 143,1 918 282,"189,1",11 354,2 487 839,"219,1",12,30,16
Mandarines,2 204,423 366,"192,0",2 243,464 659,"207,1",,"10
ST",8
Citrons,3 909,743 641,"190,3",3 994,870 166,"217,9",1224,17,15
Pomélos,86,19 050,"220,8",73,16 915,"233,3",-16,-11,
,,,,,,,,,22005632402
Vignobles,66 264,5 709 718,"86,2",61 676,5 498 329,"89,1",-7,-4,
Vigne de cuve,23 577,721 694,"30,6",20 294,460 933,"22,7",-14,-36,
Vigne de table,42 656,4 987 524,"116,9",41 382,5 037 396,"121,7","7737
-3",-1,
Vigne à raisin sec,31,500,"16,4",0,0,0,-100,"0-
-100",-100
"Espèces à Noyaux et / ou
à Pépins",205 689,15 426 232,"75,0",177 681,16 460 532,"92,6",-14,7,
Abricots,38 239,2 567 711,"67,1",30 861,2 092 048,"67,8",-19,-19,1
Amandes,39 690,660 946,"16,7",35 380,724 127,"20,5",-11,10,
Caroubes,809,32 567,"40,3",732,35 265,"48,1","27927
-9",,20
Cerises,2 860,69 032,"24,1",3 432,112 374,"32,7",20,63,
Coings,1 792,122 305,"68,2",1617,127 466,"78,8",-10,,16
Grenades,9 103,840 972,"92,4",9 192,947 521,"103,1",1,"13
208842225722","12
-22362232337"
Nèfles,2 291,238 261,"104,0",2 252,296 208,"131,5",-2,,
Pêches,18 187,1 693 861,"93,1",16 675,2017 557,"121,0",-8,19,30
Poires,24 457,2 119 428,"86,7",20 240,2 234 673,"110,4",-17,,
Pommes,40 553,5 033 027,"124,1",32 989,5 588 297,"169,4",-19,11,
Prunes,15 805,1 025 878,"64,9",12 795,1 130 855,"88,4",-19,10,
Autres,11 904,1 022 244,"85,9",11 516,1 154 140,"100,2",-3,13,17
,"Nbre
d'arbres en
rapport","Production
(qx)","Rdt
kgs/arbre","Nbre
d'arbres en
rapport","Production
(qx)","Rdt
kgs/arbre","Nbre
d'arbres
en
rapport","Production
(qx)","Rdt
kgs/arbre"
Palmiers dattiers,15 733 624,10 295 957,"65,4",16 508 912,11 360 249,"68,8",5,10,
,"d'arbres en
rapport",(qx),kgs/arbre,"d'arbres en
rapport",(qx),kgs/arbre,"d'arbres
en
rapport",(qx),kgs/arbre
Palmiers dattiers,15 733 624,10 295 957,"65,4",16 508 912,11 360 249,"68,8",5,10,
Deglet nour,6 498 295,5 533 596,"85,2",6 987 860,6 139 055,"87,9",8,11,5324
Dattes molles,3 911 117,2013 777,"51,5",3 430 827,2 201 706,"64,2",-12,"9
2702",5324
Dattes séches,5 324 212,2 748 583,"51,6",6 090 225,3 019 488,"49,6",14,10,-4
Oliviers,35 506 041,6 969 615,"19,6",43 474 114,8 687 541,"20,0","22
22","22
25",27
Figuiers,4 948 112,1 317 980,"26,6",4 855 726,1 140 917,"23,5",-2,-13,-12
SUPERFICIES WILAYA,DES TERRES Cultures,UTILISEES herbacées,PAR Terres au,L'AGRICULTURE repos,"(1/2)
Prairies",naturelles,Vignes,
,ha,%,ha,%,ha,%,ha,%
1 ADRAR,24 702,"4,3",1948,"0,3",0,"0,0",0,"0,0"
2 CHLEF,134 841,"51,4",50 988,"19,4",845,"0,3",1 063,"0,4"
3 LAGHOUAT,44 017,"2,5",27 268,"1,5",0,"0,0",373,"0,0
040000"
4 O.E.BOUAGHI,234 118,"45,4",122 962,"23,9",670,"0,1",2,"0,0"
5 BATNA,189 135,"25,4",193 394,"26,0",17 043,"2,3",91,"0,0"
6 BEJAIA,14 464,"8,8",41 708,"25,3",1 380,"0,8",410,"0,2"
7 BISKRA,61 484,"3,7",72 530,"4,4",0,"0,0",289,"0,0"
8 BECHAR,3 255,"0,2",16 716,"1,2",0,"0,0",127,"0,0"
9 BLIDA,15 618,"24,1",6 653,"10,3",1 242,"1,9",1 170,"1,8"
10 BOUIRA,86 288,"29,4",59 981,"20,4",100,"0,0",76,"0,0"
11 TAMANRASSET,3 322,"0,4",0,"0,0",0,"0,0",137,"0,0"
12 TEBESSA,197 698,"24,2",101 536,"12,4",120,"0,0",0,"0,0"
13 TLEMCEN,234 494,"43,6",77 872,"14,5",0,"0,0",2 346,"0,4"
14 TIARET,405 690,"36,6",269 257,"24,3",50,"0,0",563,"0,1"
15 TIZI-OUZOU,26 251,"18,0",21 328,"14,6",1 257,"0,9",1 293,"0,9"
16 ALGER,11 704,"36,0",3 696,"11,4",0,"0,0",2409,"7,4"
17 DJELFA,115 274,"4,6",252 721,"10,1",0,"0,0",43,"0,0"
18 JIJEL,9 596,"9,8",12 275,"12,5",4 469,"4,5",49,"0,0"
19 SETIF,230 851,"50,2",95 202,"20,7",1958,,,
20 SAIDA,150 607,"29,5",149 771,"29,3",0,"0,0",57,"0,0"
21 SKIKDA,84 356,"43,7",23 902,"12,4",484,"0,3",1 179,"0,6"
22 S.B.ABBES,206 998,"53,5",134 772,"34,9",0,"0,0",3 159,"0,8"
23 ANNABA,31 442,"54,4",11 090,"19,2",2 223,"3,8",88,"0,2"
24 GUELMA,118 370,"44,7",55 583,"21,0",306,"0,1","39
2566222268","0,0"
25 CONSTANTINE,114 017,"64,8",9 289,"5,3",0,"0,0","19
2566222268","0,0"
26 MEDEA,170 361,"23,2",134 475,"18,3",10 823,"1,5",3118,"0,4"
27 MOSTAGANEM,94 046,"65,0",5 323,"3,7",0,"0,0",10 879,"7,5"
28 M'SILA,102 185,"7,9",157 565,"12,1",0,"0,0",35,"0,0"
29 MASCARA,206 168,"47,5",76 323,"17,6",0,"0,0",4,"1,1"
30 OUARGLA,5 643,"0,1",25 521,"0,4",0,"0,0",63,"0,0"
31 ORAN,65 444,"68,8",10 180,"10,7",0,"0,0","613
€","0,6"
32 EL-BAYADH,22 342,"0,4",51 750,"0,9",0,"0,0",~,"0,0"
33 ILLIZI,651,"3,2
4207",418,"2,1",0,"0,0",27,"0,1"
34 B.B.ARRERIDJ,86 062,"35,0",69 821,"28,4",146,"0,1",15,"0,0"
35 BOUMERDES,29 028,"29,7",4 786,"4,9",0,"0,0",№ºØ§¾15,"16,0"
36 EL-TARF,39 708,"47,3",20 789,"24,7",5 000,"6,0",700,"0,8"
37 TINDOUF,173,"30
0,0",67,"0,0",0,"0,0",,"0,0"
38 TISSEMSILT,91 322,"48,1",34 556,"18,2",0,"0,0",249,"0,1"
39 EL-OUED,47 379,"2,7",7 300,"0,4",0,"0,0",£,"0,0"
40 KHENCHELA,127 607,"16,5",115 794,"14,9",0,"0,0",¤35,"0,0"
41 SOUK-AHRAS,175 525,"56,3",58 155,"18,7",4 454,"1,4",°0,"0,0"
42 TIPAZA,38 936,"55,7",5 706,"8,2",0,"0,0",¥2643,"3,8"
43 MILA,137 033,"49,7",87 546,"31,7",802,"0,3",16,"0,0"
44 AIN-DEFLA,133 621,"56,7",30 258,"12,8",577,"0,2
20",¢¢478,"0,2"
45 NAAMA,9442,"0,4",15 877,"0,7",2.7.20,"0,0",©63,"0,0"
46 A.TEMOUCHENT,142 026,"69,8",14 677,"7,2",150,"0,1",♫12 671,"6,2"
47 GHARDAIA,13 872,"1,0",37 670,"2,7",,"0,0",@439,"0,0"
48 RELIZANE,194 863,"65,5",71 559,"24,1",,"0,0","®
939","0,3"
TOTAL ALGERIE,4 682 024,"10,6",2 848 556,"6,5",€54 117,"0,1",68 649,"0,2"
Wilaya,"Plantations
arbres fruit",TOTAL S.,"A. U
Pacages & parcours",,"Terres
improductives",TOTAL S.A.T,
,ha,"%
ha","%
ha",%,ha,"%
ha",%
1 ADRAR,28 860,"5,0
55 510","9,6
55 293
17","60
9,6",464 748,"80,7
575 551","1,3"
2 CHLEF,15 493,"203 230
550 5,9","25 714
77,4","9,8",33 567,"12,8
262 511","0,6"
3 LAGHOUAT,6 074,"77 732
0,3","1 716 813
4,3","95,7",0,"1 794 545
0,0","4,1"
4 O.E.BOUAGHI,3 133,"OC
0,6
360 885","70,0
122 272","23,7",32 325,"6,3
515 482","1,2"
5 BATNA,23 014,"3,1
422 677","56,8
237 600","31,9",83 749,"744 026
610
11,3","1,7"
6 BEJAIA,72 954,"44,3
130 917","79,4
30 290","18,4",3 587,"2,2
164 794","0,4"
7 BISKRA,51 160,"3,1
185 463","11,2
1 399 746","84,7",67 532,"4,1
1 652 741","3,8"
8 BECHAR,14 975,"1,1
35 072","2,5
1 319 192","92,6",69 834,"4,9
1 424 098","3,2"
9 BLIDA,29 620,"45,7
54 303","83,8
8 860","13,7",1 660,"2,6
64 823","0,1"
10 BOUIRA,43 515,"14,8
189 960","64,7
73 895","25,2",29 689,"293 544
10,1","0,7"
11 TAMANRASSET,7 803,"0,9
11 262","1,3
816 100","92,6",54 103,"6,1
881 465","2,0"
12 TEBESSA,12 821,"1,6
312 175","38,1
434 088","53,0",72 094,"8,8
818 357","1,9"
13 TLEMCEN,35 573,"6,6
350 285","65,2
149 036","27,7",37 953,"6810
7,1
537 274","1,2"
14 TIARET,13 166,"1,2
688 725","62,1
420 606","37,9",0,"0,0
1 109 331","2,5"
15 TIZI-OUZOU,48 714,"33,3
98 842","67,7
25 370","17,4",21 859,"15,0
146 072","0,3"
16 ALGER,11 061,"34,0
28 870","88,8
1471","4,5",2 185,"6,7
32 526
60","0,1"
17 DJELFA,19 014,"0,8
387 052","15,5
2 114 041","84,5",0,"0,0
2 501 093","5,7"
18 JIJEL,18 578,"18,9
44 967
∞∞","45,7
38 811","39,5",14 511,98 289,"0,2"
19 SETIF,37 077,"8,1
365 112","53 650
79,4","11,7",41 084,"8,9
459 847","1,0"
20 SAIDA,7 772,"308 206
1,5","60,3
159 664","31,2",43 479,"8,5
511 349","1,2"
21 SKIKDA,21 908,"11,4
131 829","68,3
42 977","22,3",18 217,"193 023
889540
9,4","0,4"
22 S.B.ABBES,18 264,"4,7
363 193","94,0
3 715","1,0",19 644,"5,1
386 552","0,9"
23 ANNABA,2 607,"47 449
4,5","82,1
7 585","13,1",2 786,"4,8
57 820","0,1"
24 GUELMA,13 040,"187 338
4,9","50 875
70,8","19,2",26 405,"264 618
10,0","0,6"
25 CONSTANTINE,1 684,"1,0
125 010","71,1
50 935","28,9",0,"0,0
175 945","0,4"
26 MEDEA,20 931,"2,8
339 709","46,2
291 274","39,6",104 054,"14,2
735 037
45","1,7"
27 MOSTAGANEM,22 020,"15,2
132 268","91,4
5 110","3,5",7 400,"5,1
144 778","0,3"
28 M'SILA,17 808,"1,4
277 592","1 019 243
21,4","78,6",0,"1 296 835
0,0","2,9"
29 MASCARA,25 540,"312 786
5,9","72,0
104 292","24,0",17 054,"434 132
3,9","1,0"
30 OUARGLA,23 352,"0,4
54 579","1,0
4 750 000","83,5",884 050,"15,5
5 688 629","12,9"
31 ORAN,10 520,"86 757
11,1","91,3
1 823","1,9",6 479,"6,8
95 058","0,2"
32 EL-BAYADH,2 940,"0,1
77 056","1,3
5 688 141","98,7",550,"0,0
5 765 747","13,1"
33 ILLIZI,1 629,"8,0
2725","13,4
0","0,0",17 650,"86,6
20 375","0,0"
34 B.B.ARRERIDJ,30 556,"12,4
186 600","48 598
75,9","19,8",10 556,"245 754
4,3","0,6"
35 BOUMERDES,13 490,"13,8
62 956","64,5
10 741","11,0",23 954,"24,5
97 651","0,2"
36 EL-TARF,7 976,"9,5
74 173","88,3
8518","10,1",1 340,"1,6
84 031","0,2"
37 TINDOUF,627,"0,0
872","0,0
6 000 000","100,0",1 628,"0,0
6 002 500","13,7"
38 TISSEMSILT,19 330,"10,2
145 456
ÖN","76,7
22 297","11,8",21 996,"11,6
189 749","0,4"
39 EL-OUED,41 574,"2,4
96 476","5,5
1 410 000","80,1",253 400,"1 759 876
14,4","4,0"
40 KHENCHELA,13 991,"257 426
1,8","33,2
439 430","56,7",77 718,"10,0
774 574","1,8"
41 SOUK-AHRAS,15 474,"5,0
253 607","81,4
30 977","9,9",26 909,"8,6
311 493","0,7"
42 TIPAZA,14 516,"20,7
61 800","88,3
8 157","11,7",0,"0,0
69 957","0,2"
43 MILA,12 160,"4,4
237 558","86,1
21 956","8,0",16 444,"6,0
275 958","0,6"
44 AIN-DEFLA,16 742,"7,1
181 676","77,1
37 972","16,1",15 963,"6,8
235 611","0,5"
45 NAAMA,2 901,"0,1
28 283","2 175 117
1,3","98,7",60,"0,0
2 203 460","5,0"
46 A.TEMOUCHENT,11 470,"5,6
180 994","88,9
7 974","3,9
18350
93",14 616,"6097036
7,2
203 584","503
0,5"
47 GHARDAIA,12 404,"0,9
64 385","1 306 248
4,7","95,3",172,"0,0
1 370 805","3,1"
48 RELIZANE,14 494,"4,9
281 875
16","94,8
6 062","2,0
05",9 450,"20
3,2
297 387","0,7"
TOTAL ALGERIE,910 322,"2,1
8 563 669","19,5
32 752 530","74,5",2 652 454,"6,0
43 968 653",100
WILAYA,"Jachères
fauchées",Jachères paturées,"Jachères travaillées au
printemps","TOTAL
Jachères"
,ha,ha,(ha),ha
1 ADRAR,0,1 948,0,1 948
2 CHLEF,695,36 076,14 217,50 988
3 LAGHOUAT,,27 268,0,27 268
4 O.E.BOUAGHI,19 779,83 643,19 541,122 962
5 BATNA,14 398,168 266,10 731,193 394
6 BEJAIA,"11 550
10000440",28 165,1993,41 708
7 BISKRA,,32 235,40 295,72 530
8 BECHAR,,16 716,0,16 716
9 BLIDA,3 478,2 830,345,6 653
10 BOUIRA,426,48 399,11 156,59 981
11 TAMANRASSET,0,0,0,0
12 TEBESSA,5 000,89 432,7 104,101 536
13 TLEMCEN,0,12 867,65 005,77 872
14 TIARET,0,128 152,141 105,269 257
15 TIZI-OUZOU,13 579,7 078,672,21 328
16 ALGER,0,3 696,0,3 696
17 DJELFA,0,252 721,0,252 721
18 JIJEL,6 627,5 648,0,12 275
19 SETIF,12 883,39 470,42 849,95 202
20 SAIDA,0,111 361,38 410,149 771
21 SKIKDA,10 938,10 110,2 854,23 902
22 S.B.ABBES,0,46 151,88 620,134 772
23 ANNABA,2 798,7 172,1 121,11 090
24 GUELMA,17 356,20 106,18 121,55 583
25 CONSTANTINE,230,999,8 060,9 289
26 MEDEA,3 692,64 886,65 897,134 475
27 MOSTAGANEM,0,3 490,1 833,5 323
28 M'SILA,0,157 565,0,157 565
29 MASCARA,7 650,63 637,5 036,76 323
30 OUARGLA,0,25 521,0,25 521
31 ORAN,432,8 402,1 346,10 180
32 EL-BAYADH,0,51 750,0,51 750
33 ILLIZI,0,418,0,418
34 B.B.ARRERIDJ,17 843,0,51 978,69 821
35 BOUMERDES,2 853,1933,0,4 786
36 EL-TARF,9 380,11 409,0,20 789
37 TINDOUF,0,67,0,67
38 TISSEMSILT,9 450,0,25 106,34 556
39 EL-OUED,0,0,7 300,7 300
40 KHENCHELA,11 500,104 294,0,115 794
41 SOUK-AHRAS,12 727,18 892,26 536,58 155
42 TIPAZA,2 280,3426,0,5 706
43 MILA,11 715,32 586,43 245,87 546
44 AIN-DEFLA,2 654,16 924,10 680,30 258
45 NAAMA,0,15 877,0,15 877
46 A.TEMOUCHENT,0,0,14 677,14 677
47 GHARDAIA,402,37 268,0,37 670
48 RELIZANE,3 586,28 405,39 568,71 559
TOTAL ALGERIE,215 900,1 827 258,805 398,2 848 556
WILAYA,(sup. emblavée reconvertieha,"- Sup
)
%
i","ha
20",%,"18
ha","%
Ji",ha,%
1 ADRAR,18 583,"59,5",1 343,"4,3","138
1323","0,4",3 971,"12,7"
2 CHLEF,92 492,"68,6",30000,"0,0
3000",9422,"7,0
400",22 502,"16,7"
3 LAGHOUAT,32 577,"74,0",30000,"0,0",0,"0,0",11 410,"25,9"
4 O.E.BOUAGHI,214 770,"91,7",38,"0,0",832,"0,4
ÖNÖÖÖMÖ",14 884,"6,4"
5 BATNA,146 260,"76,8",,"0,0",106,"0,1",36 532,"19,2"
6 BEJAIA,6 854,"47,4",,"0,0",502,"3,5",3 544,"24,5"
7 BISKRA,29 455,"47,9",02000,"OOOOOOOOOOOO
0,0",0,"0,0",7 525,"12,2"
8 BECHAR,2 169,"35,9",,"0,0",0,"0,0",1 077,"17,8"
9 BLIDA,8 102,"51,9",,"0,0",0,"0,0",1 080,"6,9"
10 BOUIRA,69 696,"80,8",0,"0,0",1 288,"1,5",7 817,"9,1"
11 TAMANRASSET,745,"22,4",0,"0,0",0,"0,0",644,"19,4"
12 TEBESSA,130 000,"65,8",0,"0,0",100,"0,1",62 841,"31,8"
13 TLEMCEN,174 900,"73,4",0,"0,0",18 160,"7,6",22 220,"9,3"
14 TIARET,364 270,"89,8",0,"0,0",9 072,"2,2",32 348,"8,0"
15 TIZI-OUZOU,7 029,"26,7",0,"0,0",763,"2,9",12 599,"47,9"
16 ALGER,1 693,"14,5",0,"0,0",26,"0,2",1 822,"15,6"
17 DJELFA,78 905,"68,4",0,"0,0",0,"0,0",26 655,"23,1"
18 JIJEL,1486,"15,5",108,"1,1","88888
458","4,8",677,"7,0"
19 SETIF,198 170,"85,8",0,"0,0",1 200,"0,5",22 602,"9,8"
20 SAIDA,131 975,"87,6",,"0,0",580,"0,4",9 697,"6,4"
21 SKIKDA,35 553,"42,1",113,"0,1",6 997,"8,3",9 088,"10,8"
22 S.B.ABBES,178 170,"86,1",0,"0,0",2 734,"1,3",18 890,"9,1"
23 ANNABA,16 589,"52,8",0,"0,0",1986,"6,3",1 167,"3,7"
24 GUELMA,90 490,"76,3",0,"0,0",6 791,"5,7",10 050,"8,5"
25 CONSTANTINE,90 655,"79,5",0,"0,0",7 201,"6,3",11 002,"9,6"
26 MEDEA,124 234,"72,9",0,"0,0",2 576,"1,5",33 891,"19,9"
27 MOSTAGANEM,40 851,"43,4",0,"0,0",3 586,"3,8",21 369,"22,7"
28 M'SILA,52 785,"51,7",0,"0,0",,"0,0",40 600,"39,7"
29 MASCARA,102 584,"49,8",0,"0,0",5 678,"2,8",66 455,"32,2"
30 OUARGLA,2 883,"27,1",0,"0,0",0,"0,0",2527,"23,8"
31 ORAN,46 151,"70,5",0,"0,0",225,"0,3",14 038,"21,4"
32 EL-BAYADH,11 426,"0,0",12,"0,0",0,"0,0",7 091,"31,2"
33 ILLIZI,51,"0,0",0,"0,0",0,"0,0",226,"34,7"
34 B.B.ARRERIDJ,80 000,"93,0",0,"0,0",243,"0,3",3 935,"4,6"
35 BOUMERDES,4 072,"14,0",0,"0,0",531,"1,8",10 008,"34,4"
36 EL-TARF,23 860,"58,8",0,"0,0",2 572,"6,3",2 727,"6,7"
37 TINDOUF,0,"0,0",0,"0,0",0,"0,0",34,"19,6"
38 TISSEMSILT,81 000,"88,7",0,"0,0",3 029,"3,3",5 620,"6,2"
39 EL-OUED,10 840,"18,1",0,"0,0",0,"0,0",3 710,"6,2"
40 KHENCHELA,94 468,"74,0",0,"0,0",0,"0,0",28 303,"22,2"
41 SOUK-AHRAS,153 807,"87,6",0,"0,0",4 624,"2,6",12 729,"7,3"
42 TIPAZA,13 498,"34,6",0,"0,0",817,"2,1",7 605,"19,5"
43 MILA,114 856,"83,8",0,"0,0",5 575,"4,1",10 323,"7,5"
44 AIN-DEFLA,77 625,"58,1",30,"0,0",4 307,"3,2",23 198,"17,4"
45 NAAMA,4 795,"50,8",0,"0,0",0,"0,0",3514,"37,2"
46 A.TEMOUCHENT,109 942,"77,4",0,"0,0",10 638,"7,5",11 808,"8,3"
47 GHARDAIA,6 914,"38,7",0,"0,0",0,"0,0",5 800,"32,5"
48 RELIZANE,147 499,"75,7",34,"0,0",7 417,"U3
3,8",18 109,"9,3"
TOTAL ALGERIE,3 425 728,"72,6","380
1 680","0,0",120 171,"2,5",686 261,"14,5"
ENSEMBLE DES Wilaya,CULTURES Cultures,HERBACEES industrielles,"2/2
Cultures",maraîchères,Autres cultures,,TOTAL CULTURES,HERBACEES
,ha,%,ha,%,ha,"%
20",ha,%
1 ADRAR,1 878,"6,0",5 170,"16,5",171,"0,5",31 254,"0,7"
2 CHLEF,1 210,"0,9",9215,"6,8",0,"0,0",134 841,"2,9"
3 LAGHOUAT,30,"0,1",0,"0,0",0,"0,0",44 017,"0,9"
4 O.E.BOUAGHI,894,"0,4",2 700,"1,2",0,"0,0",234 118,"5,0"
5 BATNA,,"0,1",7 440,"3,9",0,"0,0",190 550,"4,0"
6 BEJAIA,77,"0,5
59",3 264,"22,6","221
22","1,5",14 464,"0,3"
7 BISKRA,"1362728828
574","0,9",23 782,"38,7",148,"0,2",61 484,"1,3"
8 BECHAR,100,"1,6
O",2 690,"44,6",0,"0,0",6 036,"0,1"
9 BLIDA,66,"'
0,4",6 370,"40,8",0,"0,0",15 618,"0,3"
10 BOUIRA,25,"0,0",7 462,"8,6",0,"0,0",86 288,"1,8"
11 TAMANRASSET,,"1,1",1 895,"57,1",0,"0,0",3 322,"0,1"
12 TEBESSA,0,"0,0",4 757,"2,4",0,"0,0",197 698,"4,2"
13 TLEMCEN,0,"0,0",23 146,"9,7",0,"0,0",238 426,"5,1"
14 TIARET,0,"0,0",0,"0,0",0,"0,0",405 690,"8,6"
15 TIZI-OUZOU,0,"0,0
00000",5 890,"22,4",0,"0,0",26 281,"0,6"
16 ALGER,0,"0,0",8 134,"69,5",29,"0,3",11 704,"0,2"
17 DJELFA,36,"0,0",9 678,"8,4",0,"0,0",115 274,"2,4"
18 JIJEL,91,"0,9",6 777,"70,6",0,"0,0",9 596,"0,2"
19 SETIF,1 100,"0,5",7 853,"3,4",0,"0,0",230 925,"4,9"
20 SAIDA,8580282,"0,0
20",8 355,"5,5",0,"0,0",150 607,"3,2"
21 SKIKDA,"8580282
9 883","11,7",22 761,"27,0",0,"0,0",84 394,"1,8"
22 S.B.ABBES,,"0,0",7 184,"3,5",0,"0,0",206 998,"4,4"
23 ANNABA,2 200,"20
7,0",9 500,"30,2",0,"0,0",31 442,"0,7"
24 GUELMA,3 922,"3,3",7 350,"6,2",0,0.0,118 603,"2,5"
25 CONSTANTINE,0,"0,0",5 160,"4,5",0,"0,0",114 017,"2,4"
26 MEDEA,0,"0,0",9 661,"5,7",0,"0,0",170 361,"3,6"
27 MOSTAGANEM,175,"0,2",28 065,"29,8",0,0.0,94 046,"2,0"
28 M'SILA,0,"0,0",8 800,"8,6",0,"0,0",102 185,"2,2"
29 MASCARA,45,"0,0",31 406,"15,2",0,"0,0",206 168,"4,4"
30 OUARGLA,466,"4,4",4 746,"44,7",0,"0,0",10 622,"0,2"
31 ORAN,0,"0,0",5 023,"7,7",12,"0,0",65 448,"1,4"
32 EL-BAYADH,142,"0,0",4 027,"17,7",0,"0,0",22 698,"0,5"
33 ILLIZI,0,"0,0",374,"57,4",0,"0,0",651,"0,0"
34 B.B.ARRERIDJ,0,"0,0",1 884,"2,2",0,"0,0",86 062,"1,8"
35 BOUMERDES,0,"0,0",14 502,"49,8",0,"0,0",29 113,"0,6"
36 EL-TARF,5 986,"14,8",5 408,"13,3",0,"0,0",40 553,"0,9"
37 TINDOUF,0,"0,0",139,"80,4",0,"0,0",173,"0,0"
38 TISSEMSILT,0,"0,0",1673,"1,8",0,"0,0",91 322,"1,9"
39 EL-OUED,5 285,"8,8",39 917,"66,8",0,"0,0",59 752,"1,3"
40 KHENCHELA,,"0,0",4 836,"3,8",0,"0,0",127 607,"2,7"
41 SOUK-AHRAS,79,"0,0",4286,"2,4",0,"0,0",175 525,"3,7"
42 TIPAZA,,"0,7",16 837,"43,1",0,"0,0",39 036,"0,8"
43 MILA,,"0,0",6 259,"4,6",0,"0,0",137 033,"2,9"
44 AIN-DEFLA,"2 080
BO222840721","1,6",25 896,"19,4",486,"0,4",133 621,"2,8"
45 NAAMA,,"0,4",1 093,"11,6",0,"0,0",9 442,"0,2"
46 A.TEMOUCHENT,,"0,0",9 638,"6,8",0,"0,0",142 026,"3,0"
47 GHARDAIA,,"4,1",4 400,"24,6",0,"0,0",17 854,"0,4"
48 RELIZANE,,"0,2",21 478,"11,0",0,"0,0",194 863,"4,1"
TOTAL ALGERIE,38 018,"0,8",446 880,"9,5",1 067,"0,0",4 719 806,100
2 000 000,"qx a 3 000 000 qx (8)
@"
1 000 000,qx a 2 000 000 qx (10g
500 000,qxa 1 000 000 qx (7)
100 000,"qx a 500 000 qx (111qxa 100 000 qx (7)
(1)
€€€€
xbo"
"1qxa 100 000 qx (7)
(1)
€€€€
ANNABA
ALGER
BOUMERDES TIZI OUZOU
xbo
SKIKDA
JUEL
EL-TARF
BEJAA
TIPAZA
BUIDA
GUELVA
CHLEF
MILA
CONSTANTINE
BOURA
AIT-DEFLA
SOUK-AHRAS
MOSTAGANEM
BORD BOU ARRERIDJ
SETIF
WEDEA
RELIZANE
TISSEMSILT
QUIEL BOUAGHI
ORAN
AIN TEMOUCHENT
MASCARA
BATNA
M'SILA
TEBESSA
TIARET
KHENCHELA
SAIDA
TLEMCEN
SIDI BEL ABBES
DJELFA
LAGHOUAT
NAAMA
EL QUED
EL BAYADH"
